user_id,timestamp,step_count
user_0,2022-06-01T08:30:00-05:00,24
user_0,2022-06-01T12:00:00-05:00,159
user_0,2022-06-01T15:00:00-05:00,2
user_0,2022-06-01T17:30:00-05:00,0
user_0,2022-06-01T20:00:00-05:00,262
user_1,2022-06-01T08:30:00-05:00,0
user_1,2022-06-01T12:00:00-05:00,1
user_1,2022-06-01T15:00:00-05:00,0
user_1,2022-06-01T17:30:00-05:00,2
user_1,2022-06-01T20:00:00-05:00,2
user_2,2022-06-01T08:30:00-05:00,808
user_2,2022-06-01T12:00:00-05:00,0
user_2,2022-06-01T15:00:00-05:00,17
user_2,2022-06-01T17:30:00-05:00,129
user_2,2022-06-01T20:00:00-05:00,81
user_3,2022-06-01T08:30:00-05:00,79
user_3,2022-06-01T12:00:00-05:00,231
user_3,2022-06-01T15:00:00-05:00,0
user_3,2022-06-01T17:30:00-05:00,193
user_3,2022-06-01T20:00:00-05:00,1
user_4,2022-06-01T08:30:00-05:00,9
user_4,2022-06-01T12:00:00-05:00,8
user_4,2022-06-01T15:00:00-05:00,193
user_4,2022-06-01T17:30:00-05:00,2
user_4,2022-06-01T20:00:00-05:00,27
user_5,2022-06-01T08:30:00-05:00,314
user_5,2022-06-01T12:00:00-05:00,21
user_5,2022-06-01T15:00:00-05:00,6
user_5,2022-06-01T17:30:00-05:00,1
user_5,2022-06-01T20:00:00-05:00,49
user_6,2022-06-01T08:30:00-05:00,3
user_6,2022-06-01T12:00:00-05:00,739
user_6,2022-06-01T15:00:00-05:00,427
user_6,2022-06-01T17:30:00-05:00,1
user_6,2022-06-01T20:00:00-05:00,156
user_7,2022-06-01T08:30:00-05:00,307
user_7,2022-06-01T12:00:00-05:00,52
user_7,2022-06-01T15:00:00-05:00,701
user_7,2022-06-01T17:30:00-05:00,328
user_7,2022-06-01T20:00:00-05:00,406
user_8,2022-06-01T08:30:00-05:00,213
user_8,2022-06-01T12:00:00-05:00,11
user_8,2022-06-01T15:00:00-05:00,0
user_8,2022-06-01T17:30:00-05:00,4
user_8,2022-06-01T20:00:00-05:00,85
user_9,2022-06-01T08:30:00-05:00,14
user_9,2022-06-01T12:00:00-05:00,1
user_9,2022-06-01T15:00:00-05:00,38
user_9,2022-06-01T17:30:00-05:00,93
user_9,2022-06-01T20:00:00-05:00,1
user_0,2022-06-02T08:30:00-05:00,0
user_0,2022-06-02T12:00:00-05:00,143
user_0,2022-06-02T15:00:00-05:00,64
user_0,2022-06-02T17:30:00-05:00,392
user_0,2022-06-02T20:00:00-05:00,0
user_1,2022-06-02T08:30:00-05:00,24
user_1,2022-06-02T12:00:00-05:00,184
user_1,2022-06-02T15:00:00-05:00,39
user_1,2022-06-02T17:30:00-05:00,15
user_1,2022-06-02T20:00:00-05:00,31
user_2,2022-06-02T08:30:00-05:00,2
user_2,2022-06-02T12:00:00-05:00,238
user_2,2022-06-02T15:00:00-05:00,1
user_2,2022-06-02T17:30:00-05:00,1
user_2,2022-06-02T20:00:00-05:00,606
user_3,2022-06-02T08:30:00-05:00,181
user_3,2022-06-02T12:00:00-05:00,1
user_3,2022-06-02T15:00:00-05:00,100
user_3,2022-06-02T17:30:00-05:00,5
user_3,2022-06-02T20:00:00-05:00,18
user_4,2022-06-02T08:30:00-05:00,145
user_4,2022-06-02T12:00:00-05:00,11
user_4,2022-06-02T15:00:00-05:00,0
user_4,2022-06-02T17:30:00-05:00,1
user_4,2022-06-02T20:00:00-05:00,343
user_5,2022-06-02T08:30:00-05:00,861
user_5,2022-06-02T12:00:00-05:00,1
user_5,2022-06-02T15:00:00-05:00,26
user_5,2022-06-02T17:30:00-05:00,1
user_5,2022-06-02T20:00:00-05:00,7
user_6,2022-06-02T08:30:00-05:00,766
user_6,2022-06-02T12:00:00-05:00,20
user_6,2022-06-02T15:00:00-05:00,129
user_6,2022-06-02T17:30:00-05:00,41
user_6,2022-06-02T20:00:00-05:00,130
user_7,2022-06-02T08:30:00-05:00,4
user_7,2022-06-02T12:00:00-05:00,8
user_7,2022-06-02T15:00:00-05:00,98
user_7,2022-06-02T17:30:00-05:00,10
user_7,2022-06-02T20:00:00-05:00,3
user_8,2022-06-02T08:30:00-05:00,58
user_8,2022-06-02T12:00:00-05:00,307
user_8,2022-06-02T15:00:00-05:00,12
user_8,2022-06-02T17:30:00-05:00,169
user_8,2022-06-02T20:00:00-05:00,14
user_9,2022-06-02T08:30:00-05:00,38
user_9,2022-06-02T12:00:00-05:00,228
user_9,2022-06-02T15:00:00-05:00,285
user_9,2022-06-02T17:30:00-05:00,36
user_9,2022-06-02T20:00:00-05:00,10
user_0,2022-06-03T08:30:00-05:00,53
user_0,2022-06-03T12:00:00-05:00,8
user_0,2022-06-03T15:00:00-05:00,19
user_0,2022-06-03T17:30:00-05:00,11
user_0,2022-06-03T20:00:00-05:00,49
user_1,2022-06-03T08:30:00-05:00,410
user_1,2022-06-03T12:00:00-05:00,200
user_1,2022-06-03T15:00:00-05:00,25
user_1,2022-06-03T17:30:00-05:00,2
user_1,2022-06-03T20:00:00-05:00,81
user_2,2022-06-03T08:30:00-05:00,9
user_2,2022-06-03T12:00:00-05:00,3
user_2,2022-06-03T15:00:00-05:00,3
user_2,2022-06-03T17:30:00-05:00,481
user_2,2022-06-03T20:00:00-05:00,5
user_3,2022-06-03T08:30:00-05:00,0
user_3,2022-06-03T12:00:00-05:00,99
user_3,2022-06-03T15:00:00-05:00,24
user_3,2022-06-03T17:30:00-05:00,14
user_3,2022-06-03T20:00:00-05:00,78
user_4,2022-06-03T08:30:00-05:00,79
user_4,2022-06-03T12:00:00-05:00,2
user_4,2022-06-03T15:00:00-05:00,429
user_4,2022-06-03T17:30:00-05:00,0
user_4,2022-06-03T20:00:00-05:00,555
user_5,2022-06-03T08:30:00-05:00,657
user_5,2022-06-03T12:00:00-05:00,3
user_5,2022-06-03T15:00:00-05:00,206
user_5,2022-06-03T17:30:00-05:00,636
user_5,2022-06-03T20:00:00-05:00,931
user_6,2022-06-03T08:30:00-05:00,37
user_6,2022-06-03T12:00:00-05:00,591
user_6,2022-06-03T15:00:00-05:00,228
user_6,2022-06-03T17:30:00-05:00,10
user_6,2022-06-03T20:00:00-05:00,4
user_7,2022-06-03T08:30:00-05:00,11
user_7,2022-06-03T12:00:00-05:00,175
user_7,2022-06-03T15:00:00-05:00,18
user_7,2022-06-03T17:30:00-05:00,2
user_7,2022-06-03T20:00:00-05:00,339
user_8,2022-06-03T08:30:00-05:00,186
user_8,2022-06-03T12:00:00-05:00,321
user_8,2022-06-03T15:00:00-05:00,130
user_8,2022-06-03T17:30:00-05:00,0
user_8,2022-06-03T20:00:00-05:00,25
user_9,2022-06-03T08:30:00-05:00,0
user_9,2022-06-03T12:00:00-05:00,108
user_9,2022-06-03T15:00:00-05:00,382
user_9,2022-06-03T17:30:00-05:00,9
user_9,2022-06-03T20:00:00-05:00,10
user_0,2022-06-04T08:30:00-05:00,1
user_0,2022-06-04T12:00:00-05:00,2
user_0,2022-06-04T15:00:00-05:00,1
user_0,2022-06-04T17:30:00-05:00,295
user_0,2022-06-04T20:00:00-05:00,736
user_1,2022-06-04T08:30:00-05:00,0
user_1,2022-06-04T12:00:00-05:00,28
user_1,2022-06-04T15:00:00-05:00,1
user_1,2022-06-04T17:30:00-05:00,21
user_1,2022-06-04T20:00:00-05:00,3
user_2,2022-06-04T08:30:00-05:00,728
user_2,2022-06-04T12:00:00-05:00,770
user_2,2022-06-04T15:00:00-05:00,1
user_2,2022-06-04T17:30:00-05:00,24
user_2,2022-06-04T20:00:00-05:00,0
user_3,2022-06-04T08:30:00-05:00,3
user_3,2022-06-04T12:00:00-05:00,10
user_3,2022-06-04T15:00:00-05:00,108
user_3,2022-06-04T17:30:00-05:00,741
user_3,2022-06-04T20:00:00-05:00,7
user_4,2022-06-04T08:30:00-05:00,64
user_4,2022-06-04T12:00:00-05:00,0
user_4,2022-06-04T15:00:00-05:00,810
user_4,2022-06-04T17:30:00-05:00,214
user_4,2022-06-04T20:00:00-05:00,247
user_5,2022-06-04T08:30:00-05:00,59
user_5,2022-06-04T12:00:00-05:00,694
user_5,2022-06-04T15:00:00-05:00,45
user_5,2022-06-04T17:30:00-05:00,129
user_5,2022-06-04T20:00:00-05:00,3
user_6,2022-06-04T08:30:00-05:00,3
user_6,2022-06-04T12:00:00-05:00,1
user_6,2022-06-04T15:00:00-05:00,625
user_6,2022-06-04T17:30:00-05:00,0
user_6,2022-06-04T20:00:00-05:00,18
user_7,2022-06-04T08:30:00-05:00,134
user_7,2022-06-04T12:00:00-05:00,197
user_7,2022-06-04T15:00:00-05:00,13
user_7,2022-06-04T17:30:00-05:00,1
user_7,2022-06-04T20:00:00-05:00,15
user_8,2022-06-04T08:30:00-05:00,5
user_8,2022-06-04T12:00:00-05:00,114
user_8,2022-06-04T15:00:00-05:00,0
user_8,2022-06-04T17:30:00-05:00,29
user_8,2022-06-04T20:00:00-05:00,902
user_9,2022-06-04T08:30:00-05:00,140
user_9,2022-06-04T12:00:00-05:00,347
user_9,2022-06-04T15:00:00-05:00,7
user_9,2022-06-04T17:30:00-05:00,592
user_9,2022-06-04T20:00:00-05:00,2
user_0,2022-06-05T08:30:00-05:00,5
user_0,2022-06-05T12:00:00-05:00,2
user_0,2022-06-05T15:00:00-05:00,84
user_0,2022-06-05T17:30:00-05:00,1
user_0,2022-06-05T20:00:00-05:00,1
user_1,2022-06-05T08:30:00-05:00,73
user_1,2022-06-05T12:00:00-05:00,20
user_1,2022-06-05T15:00:00-05:00,70
user_1,2022-06-05T17:30:00-05:00,164
user_1,2022-06-05T20:00:00-05:00,198
user_2,2022-06-05T08:30:00-05:00,1
user_2,2022-06-05T12:00:00-05:00,177
user_2,2022-06-05T15:00:00-05:00,1
user_2,2022-06-05T17:30:00-05:00,6
user_2,2022-06-05T20:00:00-05:00,124
user_3,2022-06-05T08:30:00-05:00,5
user_3,2022-06-05T12:00:00-05:00,3
user_3,2022-06-05T15:00:00-05:00,2
user_3,2022-06-05T17:30:00-05:00,0
user_3,2022-06-05T20:00:00-05:00,7
user_4,2022-06-05T08:30:00-05:00,7
user_4,2022-06-05T12:00:00-05:00,2
user_4,2022-06-05T15:00:00-05:00,49
user_4,2022-06-05T17:30:00-05:00,237
user_4,2022-06-05T20:00:00-05:00,0
user_5,2022-06-05T08:30:00-05:00,160
user_5,2022-06-05T12:00:00-05:00,68
user_5,2022-06-05T15:00:00-05:00,2
user_5,2022-06-05T17:30:00-05:00,369
user_5,2022-06-05T20:00:00-05:00,25
user_6,2022-06-05T08:30:00-05:00,33
user_6,2022-06-05T12:00:00-05:00,7
user_6,2022-06-05T15:00:00-05:00,227
user_6,2022-06-05T17:30:00-05:00,7
user_6,2022-06-05T20:00:00-05:00,89
user_7,2022-06-05T08:30:00-05:00,889
user_7,2022-06-05T12:00:00-05:00,411
user_7,2022-06-05T15:00:00-05:00,14
user_7,2022-06-05T17:30:00-05:00,0
user_7,2022-06-05T20:00:00-05:00,0
user_8,2022-06-05T08:30:00-05:00,1
user_8,2022-06-05T12:00:00-05:00,350
user_8,2022-06-05T15:00:00-05:00,2
user_8,2022-06-05T17:30:00-05:00,4
user_8,2022-06-05T20:00:00-05:00,12
user_9,2022-06-05T08:30:00-05:00,35
user_9,2022-06-05T12:00:00-05:00,62
user_9,2022-06-05T15:00:00-05:00,70
user_9,2022-06-05T17:30:00-05:00,2
user_9,2022-06-05T20:00:00-05:00,0
user_0,2022-06-06T08:30:00-05:00,12
user_0,2022-06-06T12:00:00-05:00,219
user_0,2022-06-06T15:00:00-05:00,0
user_0,2022-06-06T17:30:00-05:00,152
user_0,2022-06-06T20:00:00-05:00,101
user_1,2022-06-06T08:30:00-05:00,3
user_1,2022-06-06T12:00:00-05:00,8
user_1,2022-06-06T15:00:00-05:00,10
user_1,2022-06-06T17:30:00-05:00,26
user_1,2022-06-06T20:00:00-05:00,818
user_2,2022-06-06T08:30:00-05:00,164
user_2,2022-06-06T12:00:00-05:00,71
user_2,2022-06-06T15:00:00-05:00,697
user_2,2022-06-06T17:30:00-05:00,1
user_2,2022-06-06T20:00:00-05:00,10
user_3,2022-06-06T08:30:00-05:00,4
user_3,2022-06-06T12:00:00-05:00,1
user_3,2022-06-06T15:00:00-05:00,360
user_3,2022-06-06T17:30:00-05:00,346
user_3,2022-06-06T20:00:00-05:00,1
user_4,2022-06-06T08:30:00-05:00,8
user_4,2022-06-06T12:00:00-05:00,56
user_4,2022-06-06T15:00:00-05:00,27
user_4,2022-06-06T17:30:00-05:00,666
user_4,2022-06-06T20:00:00-05:00,1
user_5,2022-06-06T08:30:00-05:00,19
user_5,2022-06-06T12:00:00-05:00,3
user_5,2022-06-06T15:00:00-05:00,546
user_5,2022-06-06T17:30:00-05:00,3
user_5,2022-06-06T20:00:00-05:00,1
user_6,2022-06-06T08:30:00-05:00,9
user_6,2022-06-06T12:00:00-05:00,0
user_6,2022-06-06T15:00:00-05:00,19
user_6,2022-06-06T17:30:00-05:00,274
user_6,2022-06-06T20:00:00-05:00,670
user_7,2022-06-06T08:30:00-05:00,0
user_7,2022-06-06T12:00:00-05:00,0
user_7,2022-06-06T15:00:00-05:00,8
user_7,2022-06-06T17:30:00-05:00,23
user_7,2022-06-06T20:00:00-05:00,727
user_8,2022-06-06T08:30:00-05:00,0
user_8,2022-06-06T12:00:00-05:00,11
user_8,2022-06-06T15:00:00-05:00,2
user_8,2022-06-06T17:30:00-05:00,0
user_8,2022-06-06T20:00:00-05:00,23
user_9,2022-06-06T08:30:00-05:00,757
user_9,2022-06-06T12:00:00-05:00,1
user_9,2022-06-06T15:00:00-05:00,5
user_9,2022-06-06T17:30:00-05:00,25
user_9,2022-06-06T20:00:00-05:00,990
user_0,2022-06-07T08:30:00-05:00,0
user_0,2022-06-07T12:00:00-05:00,21
user_0,2022-06-07T15:00:00-05:00,1
user_0,2022-06-07T17:30:00-05:00,719
user_0,2022-06-07T20:00:00-05:00,555
user_1,2022-06-07T08:30:00-05:00,8
user_1,2022-06-07T12:00:00-05:00,15
user_1,2022-06-07T15:00:00-05:00,67
user_1,2022-06-07T17:30:00-05:00,25
user_1,2022-06-07T20:00:00-05:00,1
user_2,2022-06-07T08:30:00-05:00,16
user_2,2022-06-07T12:00:00-05:00,1
user_2,2022-06-07T15:00:00-05:00,0
user_2,2022-06-07T17:30:00-05:00,27
user_2,2022-06-07T20:00:00-05:00,583
user_3,2022-06-07T08:30:00-05:00,0
user_3,2022-06-07T12:00:00-05:00,3
user_3,2022-06-07T15:00:00-05:00,1
user_3,2022-06-07T17:30:00-05:00,3
user_3,2022-06-07T20:00:00-05:00,206
user_4,2022-06-07T08:30:00-05:00,3
user_4,2022-06-07T12:00:00-05:00,9
user_4,2022-06-07T15:00:00-05:00,6
user_4,2022-06-07T17:30:00-05:00,73
user_4,2022-06-07T20:00:00-05:00,111
user_5,2022-06-07T08:30:00-05:00,54
user_5,2022-06-07T12:00:00-05:00,106
user_5,2022-06-07T15:00:00-05:00,260
user_5,2022-06-07T17:30:00-05:00,22
user_5,2022-06-07T20:00:00-05:00,14
user_6,2022-06-07T08:30:00-05:00,63
user_6,2022-06-07T12:00:00-05:00,8
user_6,2022-06-07T15:00:00-05:00,80
user_6,2022-06-07T17:30:00-05:00,15
user_6,2022-06-07T20:00:00-05:00,174
user_7,2022-06-07T08:30:00-05:00,26
user_7,2022-06-07T12:00:00-05:00,656
user_7,2022-06-07T15:00:00-05:00,95
user_7,2022-06-07T17:30:00-05:00,55
user_7,2022-06-07T20:00:00-05:00,0
user_8,2022-06-07T08:30:00-05:00,33
user_8,2022-06-07T12:00:00-05:00,1
user_8,2022-06-07T15:00:00-05:00,1
user_8,2022-06-07T17:30:00-05:00,5
user_8,2022-06-07T20:00:00-05:00,0
user_9,2022-06-07T08:30:00-05:00,0
user_9,2022-06-07T12:00:00-05:00,0
user_9,2022-06-07T15:00:00-05:00,185
user_9,2022-06-07T17:30:00-05:00,335
user_9,2022-06-07T20:00:00-05:00,9
user_0,2022-06-08T08:30:00-05:00,59
user_0,2022-06-08T12:00:00-05:00,126
user_0,2022-06-08T15:00:00-05:00,189
user_0,2022-06-08T17:30:00-05:00,8
user_0,2022-06-08T20:00:00-05:00,3
user_1,2022-06-08T08:30:00-05:00,57
user_1,2022-06-08T12:00:00-05:00,61
user_1,2022-06-08T15:00:00-05:00,0
user_1,2022-06-08T17:30:00-05:00,30
user_1,2022-06-08T20:00:00-05:00,10
user_2,2022-06-08T08:30:00-05:00,23
user_2,2022-06-08T12:00:00-05:00,60
user_2,2022-06-08T15:00:00-05:00,68
user_2,2022-06-08T17:30:00-05:00,286
user_2,2022-06-08T20:00:00-05:00,614
user_3,2022-06-08T08:30:00-05:00,91
user_3,2022-06-08T12:00:00-05:00,175
user_3,2022-06-08T15:00:00-05:00,9
user_3,2022-06-08T17:30:00-05:00,78
user_3,2022-06-08T20:00:00-05:00,24
user_4,2022-06-08T08:30:00-05:00,1
user_4,2022-06-08T12:00:00-05:00,3
user_4,2022-06-08T15:00:00-05:00,5
user_4,2022-06-08T17:30:00-05:00,0
user_4,2022-06-08T20:00:00-05:00,383
user_5,2022-06-08T08:30:00-05:00,29
user_5,2022-06-08T12:00:00-05:00,726
user_5,2022-06-08T15:00:00-05:00,497
user_5,2022-06-08T17:30:00-05:00,10
user_5,2022-06-08T20:00:00-05:00,454
user_6,2022-06-08T08:30:00-05:00,1
user_6,2022-06-08T12:00:00-05:00,1
user_6,2022-06-08T15:00:00-05:00,5
user_6,2022-06-08T17:30:00-05:00,14
user_6,2022-06-08T20:00:00-05:00,173
user_7,2022-06-08T08:30:00-05:00,85
user_7,2022-06-08T12:00:00-05:00,345
user_7,2022-06-08T15:00:00-05:00,358
user_7,2022-06-08T17:30:00-05:00,6
user_7,2022-06-08T20:00:00-05:00,1
user_8,2022-06-08T08:30:00-05:00,48
user_8,2022-06-08T12:00:00-05:00,182
user_8,2022-06-08T15:00:00-05:00,0
user_8,2022-06-08T17:30:00-05:00,15
user_8,2022-06-08T20:00:00-05:00,0
user_9,2022-06-08T08:30:00-05:00,35
user_9,2022-06-08T12:00:00-05:00,1
user_9,2022-06-08T15:00:00-05:00,0
user_9,2022-06-08T17:30:00-05:00,1
user_9,2022-06-08T20:00:00-05:00,49
user_0,2022-06-09T08:30:00-05:00,156
user_0,2022-06-09T12:00:00-05:00,4
user_0,2022-06-09T15:00:00-05:00,4
user_0,2022-06-09T17:30:00-05:00,242
user_0,2022-06-09T20:00:00-05:00,1
user_1,2022-06-09T08:30:00-05:00,37
user_1,2022-06-09T12:00:00-05:00,545
user_1,2022-06-09T15:00:00-05:00,295
user_1,2022-06-09T17:30:00-05:00,190
user_1,2022-06-09T20:00:00-05:00,494
user_2,2022-06-09T08:30:00-05:00,2
user_2,2022-06-09T12:00:00-05:00,119
user_2,2022-06-09T15:00:00-05:00,0
user_2,2022-06-09T17:30:00-05:00,8
user_2,2022-06-09T20:00:00-05:00,0
user_3,2022-06-09T08:30:00-05:00,11
user_3,2022-06-09T12:00:00-05:00,54
user_3,2022-06-09T15:00:00-05:00,8
user_3,2022-06-09T17:30:00-05:00,16
user_3,2022-06-09T20:00:00-05:00,0
user_4,2022-06-09T08:30:00-05:00,74
user_4,2022-06-09T12:00:00-05:00,0
user_4,2022-06-09T15:00:00-05:00,153
user_4,2022-06-09T17:30:00-05:00,8
user_4,2022-06-09T20:00:00-05:00,681
user_5,2022-06-09T08:30:00-05:00,9
user_5,2022-06-09T12:00:00-05:00,5
user_5,2022-06-09T15:00:00-05:00,37
user_5,2022-06-09T17:30:00-05:00,56
user_5,2022-06-09T20:00:00-05:00,1
user_6,2022-06-09T08:30:00-05:00,1
user_6,2022-06-09T12:00:00-05:00,0
user_6,2022-06-09T15:00:00-05:00,62
user_6,2022-06-09T17:30:00-05:00,3
user_6,2022-06-09T20:00:00-05:00,27
user_7,2022-06-09T08:30:00-05:00,42
user_7,2022-06-09T12:00:00-05:00,15
user_7,2022-06-09T15:00:00-05:00,0
user_7,2022-06-09T17:30:00-05:00,6
user_7,2022-06-09T20:00:00-05:00,2
user_8,2022-06-09T08:30:00-05:00,405
user_8,2022-06-09T12:00:00-05:00,246
user_8,2022-06-09T15:00:00-05:00,113
user_8,2022-06-09T17:30:00-05:00,2
user_8,2022-06-09T20:00:00-05:00,26
user_9,2022-06-09T08:30:00-05:00,527
user_9,2022-06-09T12:00:00-05:00,8
user_9,2022-06-09T15:00:00-05:00,0
user_9,2022-06-09T17:30:00-05:00,3
user_9,2022-06-09T20:00:00-05:00,11
user_0,2022-06-10T08:30:00-05:00,0
user_0,2022-06-10T12:00:00-05:00,0
user_0,2022-06-10T15:00:00-05:00,339
user_0,2022-06-10T17:30:00-05:00,444
user_0,2022-06-10T20:00:00-05:00,8
user_1,2022-06-10T08:30:00-05:00,29
user_1,2022-06-10T12:00:00-05:00,42
user_1,2022-06-10T15:00:00-05:00,12
user_1,2022-06-10T17:30:00-05:00,181
user_1,2022-06-10T20:00:00-05:00,63
user_2,2022-06-10T08:30:00-05:00,0
user_2,2022-06-10T12:00:00-05:00,25
user_2,2022-06-10T15:00:00-05:00,52
user_2,2022-06-10T17:30:00-05:00,1
user_2,2022-06-10T20:00:00-05:00,2
user_3,2022-06-10T08:30:00-05:00,372
user_3,2022-06-10T12:00:00-05:00,8
user_3,2022-06-10T15:00:00-05:00,0
user_3,2022-06-10T17:30:00-05:00,7
user_3,2022-06-10T20:00:00-05:00,132
user_4,2022-06-10T08:30:00-05:00,162
user_4,2022-06-10T12:00:00-05:00,2
user_4,2022-06-10T15:00:00-05:00,5
user_4,2022-06-10T17:30:00-05:00,100
user_4,2022-06-10T20:00:00-05:00,1
user_5,2022-06-10T08:30:00-05:00,10
user_5,2022-06-10T12:00:00-05:00,115
user_5,2022-06-10T15:00:00-05:00,641
user_5,2022-06-10T17:30:00-05:00,0
user_5,2022-06-10T20:00:00-05:00,113
user_6,2022-06-10T08:30:00-05:00,3
user_6,2022-06-10T12:00:00-05:00,496
user_6,2022-06-10T15:00:00-05:00,380
user_6,2022-06-10T17:30:00-05:00,0
user_6,2022-06-10T20:00:00-05:00,4
user_7,2022-06-10T08:30:00-05:00,289
user_7,2022-06-10T12:00:00-05:00,1
user_7,2022-06-10T15:00:00-05:00,59
user_7,2022-06-10T17:30:00-05:00,293
user_7,2022-06-10T20:00:00-05:00,0
user_8,2022-06-10T08:30:00-05:00,3
user_8,2022-06-10T12:00:00-05:00,4
user_8,2022-06-10T15:00:00-05:00,1
user_8,2022-06-10T17:30:00-05:00,139
user_8,2022-06-10T20:00:00-05:00,98
user_9,2022-06-10T08:30:00-05:00,22
user_9,2022-06-10T12:00:00-05:00,14
user_9,2022-06-10T15:00:00-05:00,53
user_9,2022-06-10T17:30:00-05:00,121
user_9,2022-06-10T20:00:00-05:00,245
user_0,2022-06-11T08:30:00-05:00,12
user_0,2022-06-11T12:00:00-05:00,52
user_0,2022-06-11T15:00:00-05:00,1
user_0,2022-06-11T17:30:00-05:00,0
user_0,2022-06-11T20:00:00-05:00,981
user_1,2022-06-11T08:30:00-05:00,0
user_1,2022-06-11T12:00:00-05:00,22
user_1,2022-06-11T15:00:00-05:00,1
user_1,2022-06-11T17:30:00-05:00,1
user_1,2022-06-11T20:00:00-05:00,878
user_2,2022-06-11T08:30:00-05:00,142
user_2,2022-06-11T12:00:00-05:00,6
user_2,2022-06-11T15:00:00-05:00,0
user_2,2022-06-11T17:30:00-05:00,48
user_2,2022-06-11T20:00:00-05:00,419
user_3,2022-06-11T08:30:00-05:00,4
user_3,2022-06-11T12:00:00-05:00,1
user_3,2022-06-11T15:00:00-05:00,140
user_3,2022-06-11T17:30:00-05:00,0
user_3,2022-06-11T20:00:00-05:00,146
user_4,2022-06-11T08:30:00-05:00,1
user_4,2022-06-11T12:00:00-05:00,184
user_4,2022-06-11T15:00:00-05:00,68
user_4,2022-06-11T17:30:00-05:00,33
user_4,2022-06-11T20:00:00-05:00,0
user_5,2022-06-11T08:30:00-05:00,143
user_5,2022-06-11T12:00:00-05:00,8
user_5,2022-06-11T15:00:00-05:00,0
user_5,2022-06-11T17:30:00-05:00,11
user_5,2022-06-11T20:00:00-05:00,18
user_6,2022-06-11T08:30:00-05:00,128
user_6,2022-06-11T12:00:00-05:00,3
user_6,2022-06-11T15:00:00-05:00,19
user_6,2022-06-11T17:30:00-05:00,39
user_6,2022-06-11T20:00:00-05:00,0
user_7,2022-06-11T08:30:00-05:00,64
user_7,2022-06-11T12:00:00-05:00,2
user_7,2022-06-11T15:00:00-05:00,10
user_7,2022-06-11T17:30:00-05:00,18
user_7,2022-06-11T20:00:00-05:00,2
user_8,2022-06-11T08:30:00-05:00,137
user_8,2022-06-11T12:00:00-05:00,6
user_8,2022-06-11T15:00:00-05:00,3
user_8,2022-06-11T17:30:00-05:00,4
user_8,2022-06-11T20:00:00-05:00,5
user_9,2022-06-11T08:30:00-05:00,100
user_9,2022-06-11T12:00:00-05:00,20
user_9,2022-06-11T15:00:00-05:00,5
user_9,2022-06-11T17:30:00-05:00,233
user_9,2022-06-11T20:00:00-05:00,2
user_0,2022-06-12T08:30:00-05:00,417
user_0,2022-06-12T12:00:00-05:00,0
user_0,2022-06-12T15:00:00-05:00,53
user_0,2022-06-12T17:30:00-05:00,808
user_0,2022-06-12T20:00:00-05:00,65
user_1,2022-06-12T08:30:00-05:00,8
user_1,2022-06-12T12:00:00-05:00,299
user_1,2022-06-12T15:00:00-05:00,6
user_1,2022-06-12T17:30:00-05:00,287
user_1,2022-06-12T20:00:00-05:00,49
user_2,2022-06-12T08:30:00-05:00,0
user_2,2022-06-12T12:00:00-05:00,275
user_2,2022-06-12T15:00:00-05:00,75
user_2,2022-06-12T17:30:00-05:00,74
user_2,2022-06-12T20:00:00-05:00,9
user_3,2022-06-12T08:30:00-05:00,5
user_3,2022-06-12T12:00:00-05:00,0
user_3,2022-06-12T15:00:00-05:00,26
user_3,2022-06-12T17:30:00-05:00,4
user_3,2022-06-12T20:00:00-05:00,46
user_4,2022-06-12T08:30:00-05:00,1
user_4,2022-06-12T12:00:00-05:00,6
user_4,2022-06-12T15:00:00-05:00,8
user_4,2022-06-12T17:30:00-05:00,7
user_4,2022-06-12T20:00:00-05:00,30
user_5,2022-06-12T08:30:00-05:00,0
user_5,2022-06-12T12:00:00-05:00,111
user_5,2022-06-12T15:00:00-05:00,29
user_5,2022-06-12T17:30:00-05:00,3
user_5,2022-06-12T20:00:00-05:00,3
user_6,2022-06-12T08:30:00-05:00,34
user_6,2022-06-12T12:00:00-05:00,150
user_6,2022-06-12T15:00:00-05:00,2
user_6,2022-06-12T17:30:00-05:00,0
user_6,2022-06-12T20:00:00-05:00,4
user_7,2022-06-12T08:30:00-05:00,0
user_7,2022-06-12T12:00:00-05:00,0
user_7,2022-06-12T15:00:00-05:00,11
user_7,2022-06-12T17:30:00-05:00,35
user_7,2022-06-12T20:00:00-05:00,3
user_8,2022-06-12T08:30:00-05:00,11
user_8,2022-06-12T12:00:00-05:00,42
user_8,2022-06-12T15:00:00-05:00,2
user_8,2022-06-12T17:30:00-05:00,62
user_8,2022-06-12T20:00:00-05:00,0
user_9,2022-06-12T08:30:00-05:00,6
user_9,2022-06-12T12:00:00-05:00,71
user_9,2022-06-12T15:00:00-05:00,170
user_9,2022-06-12T17:30:00-05:00,2
user_9,2022-06-12T20:00:00-05:00,40
user_0,2022-06-13T08:30:00-05:00,5
user_0,2022-06-13T12:00:00-05:00,1
user_0,2022-06-13T15:00:00-05:00,0
user_0,2022-06-13T17:30:00-05:00,191
user_0,2022-06-13T20:00:00-05:00,181
user_1,2022-06-13T08:30:00-05:00,627
user_1,2022-06-13T12:00:00-05:00,10
user_1,2022-06-13T15:00:00-05:00,328
user_1,2022-06-13T17:30:00-05:00,46
user_1,2022-06-13T20:00:00-05:00,354
user_2,2022-06-13T08:30:00-05:00,2
user_2,2022-06-13T12:00:00-05:00,285
user_2,2022-06-13T15:00:00-05:00,0
user_2,2022-06-13T17:30:00-05:00,18
user_2,2022-06-13T20:00:00-05:00,4
user_3,2022-06-13T08:30:00-05:00,70
user_3,2022-06-13T12:00:00-05:00,4
user_3,2022-06-13T15:00:00-05:00,933
user_3,2022-06-13T17:30:00-05:00,5
user_3,2022-06-13T20:00:00-05:00,1
user_4,2022-06-13T08:30:00-05:00,3
user_4,2022-06-13T12:00:00-05:00,22
user_4,2022-06-13T15:00:00-05:00,19
user_4,2022-06-13T17:30:00-05:00,14
user_4,2022-06-13T20:00:00-05:00,0
user_5,2022-06-13T08:30:00-05:00,910
user_5,2022-06-13T12:00:00-05:00,165
user_5,2022-06-13T15:00:00-05:00,112
user_5,2022-06-13T17:30:00-05:00,18
user_5,2022-06-13T20:00:00-05:00,654
user_6,2022-06-13T08:30:00-05:00,20
user_6,2022-06-13T12:00:00-05:00,69
user_6,2022-06-13T15:00:00-05:00,566
user_6,2022-06-13T17:30:00-05:00,22
user_6,2022-06-13T20:00:00-05:00,64
user_7,2022-06-13T08:30:00-05:00,17
user_7,2022-06-13T12:00:00-05:00,20
user_7,2022-06-13T15:00:00-05:00,26
user_7,2022-06-13T17:30:00-05:00,550
user_7,2022-06-13T20:00:00-05:00,2
user_8,2022-06-13T08:30:00-05:00,181
user_8,2022-06-13T12:00:00-05:00,3
user_8,2022-06-13T15:00:00-05:00,55
user_8,2022-06-13T17:30:00-05:00,2
user_8,2022-06-13T20:00:00-05:00,663
user_9,2022-06-13T08:30:00-05:00,782
user_9,2022-06-13T12:00:00-05:00,2
user_9,2022-06-13T15:00:00-05:00,153
user_9,2022-06-13T17:30:00-05:00,16
user_9,2022-06-13T20:00:00-05:00,1
user_0,2022-06-14T08:30:00-05:00,1
user_0,2022-06-14T12:00:00-05:00,5
user_0,2022-06-14T15:00:00-05:00,108
user_0,2022-06-14T17:30:00-05:00,1
user_0,2022-06-14T20:00:00-05:00,20
user_1,2022-06-14T08:30:00-05:00,164
user_1,2022-06-14T12:00:00-05:00,7
user_1,2022-06-14T15:00:00-05:00,144
user_1,2022-06-14T17:30:00-05:00,113
user_1,2022-06-14T20:00:00-05:00,3
user_2,2022-06-14T08:30:00-05:00,536
user_2,2022-06-14T12:00:00-05:00,25
user_2,2022-06-14T15:00:00-05:00,0
user_2,2022-06-14T17:30:00-05:00,153
user_2,2022-06-14T20:00:00-05:00,0
user_3,2022-06-14T08:30:00-05:00,10
user_3,2022-06-14T12:00:00-05:00,118
user_3,2022-06-14T15:00:00-05:00,37
user_3,2022-06-14T17:30:00-05:00,364
user_3,2022-06-14T20:00:00-05:00,225
user_4,2022-06-14T08:30:00-05:00,27
user_4,2022-06-14T12:00:00-05:00,399
user_4,2022-06-14T15:00:00-05:00,17
user_4,2022-06-14T17:30:00-05:00,45
user_4,2022-06-14T20:00:00-05:00,1
user_5,2022-06-14T08:30:00-05:00,32
user_5,2022-06-14T12:00:00-05:00,7
user_5,2022-06-14T15:00:00-05:00,38
user_5,2022-06-14T17:30:00-05:00,185
user_5,2022-06-14T20:00:00-05:00,5
user_6,2022-06-14T08:30:00-05:00,3
user_6,2022-06-14T12:00:00-05:00,27
user_6,2022-06-14T15:00:00-05:00,14
user_6,2022-06-14T17:30:00-05:00,10
user_6,2022-06-14T20:00:00-05:00,4
user_7,2022-06-14T08:30:00-05:00,42
user_7,2022-06-14T12:00:00-05:00,585
user_7,2022-06-14T15:00:00-05:00,4
user_7,2022-06-14T17:30:00-05:00,1
user_7,2022-06-14T20:00:00-05:00,16
user_8,2022-06-14T08:30:00-05:00,5
user_8,2022-06-14T12:00:00-05:00,13
user_8,2022-06-14T15:00:00-05:00,50
user_8,2022-06-14T17:30:00-05:00,0
user_8,2022-06-14T20:00:00-05:00,0
user_9,2022-06-14T08:30:00-05:00,9
user_9,2022-06-14T12:00:00-05:00,2
user_9,2022-06-14T15:00:00-05:00,0
user_9,2022-06-14T17:30:00-05:00,24
user_9,2022-06-14T20:00:00-05:00,49
user_0,2022-06-15T08:30:00-05:00,653
user_0,2022-06-15T12:00:00-05:00,220
user_0,2022-06-15T15:00:00-05:00,20
user_0,2022-06-15T17:30:00-05:00,2
user_0,2022-06-15T20:00:00-05:00,1
user_1,2022-06-15T08:30:00-05:00,0
user_1,2022-06-15T12:00:00-05:00,4
user_1,2022-06-15T15:00:00-05:00,119
user_1,2022-06-15T17:30:00-05:00,4
user_1,2022-06-15T20:00:00-05:00,334
user_2,2022-06-15T08:30:00-05:00,220
user_2,2022-06-15T12:00:00-05:00,157
user_2,2022-06-15T15:00:00-05:00,5
user_2,2022-06-15T17:30:00-05:00,255
user_2,2022-06-15T20:00:00-05:00,731
user_3,2022-06-15T08:30:00-05:00,736
user_3,2022-06-15T12:00:00-05:00,113
user_3,2022-06-15T15:00:00-05:00,15
user_3,2022-06-15T17:30:00-05:00,89
user_3,2022-06-15T20:00:00-05:00,1
user_4,2022-06-15T08:30:00-05:00,1
user_4,2022-06-15T12:00:00-05:00,1
user_4,2022-06-15T15:00:00-05:00,6
user_4,2022-06-15T17:30:00-05:00,1
user_4,2022-06-15T20:00:00-05:00,12
user_5,2022-06-15T08:30:00-05:00,774
user_5,2022-06-15T12:00:00-05:00,950
user_5,2022-06-15T15:00:00-05:00,6
user_5,2022-06-15T17:30:00-05:00,3
user_5,2022-06-15T20:00:00-05:00,240
user_6,2022-06-15T08:30:00-05:00,20
user_6,2022-06-15T12:00:00-05:00,333
user_6,2022-06-15T15:00:00-05:00,980
user_6,2022-06-15T17:30:00-05:00,988
user_6,2022-06-15T20:00:00-05:00,2
user_7,2022-06-15T08:30:00-05:00,216
user_7,2022-06-15T12:00:00-05:00,779
user_7,2022-06-15T15:00:00-05:00,126
user_7,2022-06-15T17:30:00-05:00,3
user_7,2022-06-15T20:00:00-05:00,6
user_8,2022-06-15T08:30:00-05:00,3
user_8,2022-06-15T12:00:00-05:00,200
user_8,2022-06-15T15:00:00-05:00,13
user_8,2022-06-15T17:30:00-05:00,1
user_8,2022-06-15T20:00:00-05:00,13
user_9,2022-06-15T08:30:00-05:00,3
user_9,2022-06-15T12:00:00-05:00,2
user_9,2022-06-15T15:00:00-05:00,277
user_9,2022-06-15T17:30:00-05:00,339
user_9,2022-06-15T20:00:00-05:00,7
user_0,2022-06-16T08:30:00-05:00,17
user_0,2022-06-16T12:00:00-05:00,5
user_0,2022-06-16T15:00:00-05:00,4
user_0,2022-06-16T17:30:00-05:00,14
user_0,2022-06-16T20:00:00-05:00,10
user_1,2022-06-16T08:30:00-05:00,43
user_1,2022-06-16T12:00:00-05:00,102
user_1,2022-06-16T15:00:00-05:00,10
user_1,2022-06-16T17:30:00-05:00,35
user_1,2022-06-16T20:00:00-05:00,8
user_2,2022-06-16T08:30:00-05:00,0
user_2,2022-06-16T12:00:00-05:00,0
user_2,2022-06-16T15:00:00-05:00,378
user_2,2022-06-16T17:30:00-05:00,0
user_2,2022-06-16T20:00:00-05:00,24
user_3,2022-06-16T08:30:00-05:00,12
user_3,2022-06-16T12:00:00-05:00,1
user_3,2022-06-16T15:00:00-05:00,2
user_3,2022-06-16T17:30:00-05:00,546
user_3,2022-06-16T20:00:00-05:00,255
user_4,2022-06-16T08:30:00-05:00,34
user_4,2022-06-16T12:00:00-05:00,42
user_4,2022-06-16T15:00:00-05:00,3
user_4,2022-06-16T17:30:00-05:00,1
user_4,2022-06-16T20:00:00-05:00,2
user_5,2022-06-16T08:30:00-05:00,21
user_5,2022-06-16T12:00:00-05:00,112
user_5,2022-06-16T15:00:00-05:00,12
user_5,2022-06-16T17:30:00-05:00,22
user_5,2022-06-16T20:00:00-05:00,988
user_6,2022-06-16T08:30:00-05:00,803
user_6,2022-06-16T12:00:00-05:00,19
user_6,2022-06-16T15:00:00-05:00,111
user_6,2022-06-16T17:30:00-05:00,1
user_6,2022-06-16T20:00:00-05:00,1
user_7,2022-06-16T08:30:00-05:00,196
user_7,2022-06-16T12:00:00-05:00,13
user_7,2022-06-16T15:00:00-05:00,11
user_7,2022-06-16T17:30:00-05:00,0
user_7,2022-06-16T20:00:00-05:00,6
user_8,2022-06-16T08:30:00-05:00,47
user_8,2022-06-16T12:00:00-05:00,21
user_8,2022-06-16T15:00:00-05:00,170
user_8,2022-06-16T17:30:00-05:00,219
user_8,2022-06-16T20:00:00-05:00,2
user_9,2022-06-16T08:30:00-05:00,715
user_9,2022-06-16T12:00:00-05:00,209
user_9,2022-06-16T15:00:00-05:00,1
user_9,2022-06-16T17:30:00-05:00,15
user_9,2022-06-16T20:00:00-05:00,0
user_0,2022-06-17T08:30:00-05:00,1
user_0,2022-06-17T12:00:00-05:00,0
user_0,2022-06-17T15:00:00-05:00,1
user_0,2022-06-17T17:30:00-05:00,26
user_0,2022-06-17T20:00:00-05:00,439
user_1,2022-06-17T08:30:00-05:00,40
user_1,2022-06-17T12:00:00-05:00,0
user_1,2022-06-17T15:00:00-05:00,0
user_1,2022-06-17T17:30:00-05:00,138
user_1,2022-06-17T20:00:00-05:00,4
user_2,2022-06-17T08:30:00-05:00,2
user_2,2022-06-17T12:00:00-05:00,255
user_2,2022-06-17T15:00:00-05:00,67
user_2,2022-06-17T17:30:00-05:00,97
user_2,2022-06-17T20:00:00-05:00,69
user_3,2022-06-17T08:30:00-05:00,364
user_3,2022-06-17T12:00:00-05:00,11
user_3,2022-06-17T15:00:00-05:00,79
user_3,2022-06-17T17:30:00-05:00,143
user_3,2022-06-17T20:00:00-05:00,3
user_4,2022-06-17T08:30:00-05:00,896
user_4,2022-06-17T12:00:00-05:00,197
user_4,2022-06-17T15:00:00-05:00,44
user_4,2022-06-17T17:30:00-05:00,26
user_4,2022-06-17T20:00:00-05:00,169
user_5,2022-06-17T08:30:00-05:00,1
user_5,2022-06-17T12:00:00-05:00,179
user_5,2022-06-17T15:00:00-05:00,419
user_5,2022-06-17T17:30:00-05:00,0
user_5,2022-06-17T20:00:00-05:00,74
user_6,2022-06-17T08:30:00-05:00,0
user_6,2022-06-17T12:00:00-05:00,573
user_6,2022-06-17T15:00:00-05:00,14
user_6,2022-06-17T17:30:00-05:00,810
user_6,2022-06-17T20:00:00-05:00,7
user_7,2022-06-17T08:30:00-05:00,174
user_7,2022-06-17T12:00:00-05:00,258
user_7,2022-06-17T15:00:00-05:00,31
user_7,2022-06-17T17:30:00-05:00,45
user_7,2022-06-17T20:00:00-05:00,81
user_8,2022-06-17T08:30:00-05:00,10
user_8,2022-06-17T12:00:00-05:00,464
user_8,2022-06-17T15:00:00-05:00,70
user_8,2022-06-17T17:30:00-05:00,18
user_8,2022-06-17T20:00:00-05:00,730
user_9,2022-06-17T08:30:00-05:00,879
user_9,2022-06-17T12:00:00-05:00,94
user_9,2022-06-17T15:00:00-05:00,123
user_9,2022-06-17T17:30:00-05:00,5
user_9,2022-06-17T20:00:00-05:00,129
user_0,2022-06-18T08:30:00-05:00,2
user_0,2022-06-18T12:00:00-05:00,1
user_0,2022-06-18T15:00:00-05:00,3
user_0,2022-06-18T17:30:00-05:00,22
user_0,2022-06-18T20:00:00-05:00,68
user_1,2022-06-18T08:30:00-05:00,591
user_1,2022-06-18T12:00:00-05:00,766
user_1,2022-06-18T15:00:00-05:00,18
user_1,2022-06-18T17:30:00-05:00,1
user_1,2022-06-18T20:00:00-05:00,1
user_2,2022-06-18T08:30:00-05:00,1
user_2,2022-06-18T12:00:00-05:00,736
user_2,2022-06-18T15:00:00-05:00,10
user_2,2022-06-18T17:30:00-05:00,904
user_2,2022-06-18T20:00:00-05:00,2
user_3,2022-06-18T08:30:00-05:00,1
user_3,2022-06-18T12:00:00-05:00,2
user_3,2022-06-18T15:00:00-05:00,97
user_3,2022-06-18T17:30:00-05:00,318
user_3,2022-06-18T20:00:00-05:00,3
user_4,2022-06-18T08:30:00-05:00,43
user_4,2022-06-18T12:00:00-05:00,5
user_4,2022-06-18T15:00:00-05:00,92
user_4,2022-06-18T17:30:00-05:00,1
user_4,2022-06-18T20:00:00-05:00,29
user_5,2022-06-18T08:30:00-05:00,1
user_5,2022-06-18T12:00:00-05:00,2
user_5,2022-06-18T15:00:00-05:00,6
user_5,2022-06-18T17:30:00-05:00,29
user_5,2022-06-18T20:00:00-05:00,6
user_6,2022-06-18T08:30:00-05:00,52
user_6,2022-06-18T12:00:00-05:00,327
user_6,2022-06-18T15:00:00-05:00,11
user_6,2022-06-18T17:30:00-05:00,324
user_6,2022-06-18T20:00:00-05:00,556
user_7,2022-06-18T08:30:00-05:00,15
user_7,2022-06-18T12:00:00-05:00,22
user_7,2022-06-18T15:00:00-05:00,140
user_7,2022-06-18T17:30:00-05:00,2
user_7,2022-06-18T20:00:00-05:00,4
user_8,2022-06-18T08:30:00-05:00,78
user_8,2022-06-18T12:00:00-05:00,2
user_8,2022-06-18T15:00:00-05:00,92
user_8,2022-06-18T17:30:00-05:00,32
user_8,2022-06-18T20:00:00-05:00,3
user_9,2022-06-18T08:30:00-05:00,1
user_9,2022-06-18T12:00:00-05:00,599
user_9,2022-06-18T15:00:00-05:00,91
user_9,2022-06-18T17:30:00-05:00,237
user_9,2022-06-18T20:00:00-05:00,268
user_0,2022-06-19T08:30:00-05:00,51
user_0,2022-06-19T12:00:00-05:00,5
user_0,2022-06-19T15:00:00-05:00,29
user_0,2022-06-19T17:30:00-05:00,73
user_0,2022-06-19T20:00:00-05:00,82
user_1,2022-06-19T08:30:00-05:00,2
user_1,2022-06-19T12:00:00-05:00,263
user_1,2022-06-19T15:00:00-05:00,223
user_1,2022-06-19T17:30:00-05:00,142
user_1,2022-06-19T20:00:00-05:00,607
user_2,2022-06-19T08:30:00-05:00,308
user_2,2022-06-19T12:00:00-05:00,1
user_2,2022-06-19T15:00:00-05:00,231
user_2,2022-06-19T17:30:00-05:00,29
user_2,2022-06-19T20:00:00-05:00,474
user_3,2022-06-19T08:30:00-05:00,8
user_3,2022-06-19T12:00:00-05:00,32
user_3,2022-06-19T15:00:00-05:00,3
user_3,2022-06-19T17:30:00-05:00,2
user_3,2022-06-19T20:00:00-05:00,878
user_4,2022-06-19T08:30:00-05:00,34
user_4,2022-06-19T12:00:00-05:00,1
user_4,2022-06-19T15:00:00-05:00,1
user_4,2022-06-19T17:30:00-05:00,56
user_4,2022-06-19T20:00:00-05:00,2
user_5,2022-06-19T08:30:00-05:00,13
user_5,2022-06-19T12:00:00-05:00,54
user_5,2022-06-19T15:00:00-05:00,159
user_5,2022-06-19T17:30:00-05:00,8
user_5,2022-06-19T20:00:00-05:00,827
user_6,2022-06-19T08:30:00-05:00,59
user_6,2022-06-19T12:00:00-05:00,45
user_6,2022-06-19T15:00:00-05:00,2
user_6,2022-06-19T17:30:00-05:00,150
user_6,2022-06-19T20:00:00-05:00,939
user_7,2022-06-19T08:30:00-05:00,7
user_7,2022-06-19T12:00:00-05:00,34
user_7,2022-06-19T15:00:00-05:00,0
user_7,2022-06-19T17:30:00-05:00,2
user_7,2022-06-19T20:00:00-05:00,412
user_8,2022-06-19T08:30:00-05:00,1
user_8,2022-06-19T12:00:00-05:00,846
user_8,2022-06-19T15:00:00-05:00,6
user_8,2022-06-19T17:30:00-05:00,1
user_8,2022-06-19T20:00:00-05:00,18
user_9,2022-06-19T08:30:00-05:00,5
user_9,2022-06-19T12:00:00-05:00,13
user_9,2022-06-19T15:00:00-05:00,38
user_9,2022-06-19T17:30:00-05:00,0
user_9,2022-06-19T20:00:00-05:00,594
user_0,2022-06-20T08:30:00-05:00,4
user_0,2022-06-20T12:00:00-05:00,0
user_0,2022-06-20T15:00:00-05:00,0
user_0,2022-06-20T17:30:00-05:00,408
user_0,2022-06-20T20:00:00-05:00,98
user_1,2022-06-20T08:30:00-05:00,0
user_1,2022-06-20T12:00:00-05:00,7
user_1,2022-06-20T15:00:00-05:00,12
user_1,2022-06-20T17:30:00-05:00,195
user_1,2022-06-20T20:00:00-05:00,10
user_2,2022-06-20T08:30:00-05:00,7
user_2,2022-06-20T12:00:00-05:00,3
user_2,2022-06-20T15:00:00-05:00,108
user_2,2022-06-20T17:30:00-05:00,217
user_2,2022-06-20T20:00:00-05:00,18
user_3,2022-06-20T08:30:00-05:00,1
user_3,2022-06-20T12:00:00-05:00,56
user_3,2022-06-20T15:00:00-05:00,21
user_3,2022-06-20T17:30:00-05:00,0
user_3,2022-06-20T20:00:00-05:00,235
user_4,2022-06-20T08:30:00-05:00,118
user_4,2022-06-20T12:00:00-05:00,50
user_4,2022-06-20T15:00:00-05:00,10
user_4,2022-06-20T17:30:00-05:00,129
user_4,2022-06-20T20:00:00-05:00,24
user_5,2022-06-20T08:30:00-05:00,11
user_5,2022-06-20T12:00:00-05:00,1
user_5,2022-06-20T15:00:00-05:00,276
user_5,2022-06-20T17:30:00-05:00,404
user_5,2022-06-20T20:00:00-05:00,0
user_6,2022-06-20T08:30:00-05:00,3
user_6,2022-06-20T12:00:00-05:00,979
user_6,2022-06-20T15:00:00-05:00,22
user_6,2022-06-20T17:30:00-05:00,100
user_6,2022-06-20T20:00:00-05:00,373
user_7,2022-06-20T08:30:00-05:00,180
user_7,2022-06-20T12:00:00-05:00,99
user_7,2022-06-20T15:00:00-05:00,123
user_7,2022-06-20T17:30:00-05:00,229
user_7,2022-06-20T20:00:00-05:00,5
user_8,2022-06-20T08:30:00-05:00,695
user_8,2022-06-20T12:00:00-05:00,0
user_8,2022-06-20T15:00:00-05:00,77
user_8,2022-06-20T17:30:00-05:00,8
user_8,2022-06-20T20:00:00-05:00,11
user_9,2022-06-20T08:30:00-05:00,206
user_9,2022-06-20T12:00:00-05:00,380
user_9,2022-06-20T15:00:00-05:00,639
user_9,2022-06-20T17:30:00-05:00,110
user_9,2022-06-20T20:00:00-05:00,5
user_0,2022-06-21T08:30:00-05:00,5
user_0,2022-06-21T12:00:00-05:00,124
user_0,2022-06-21T15:00:00-05:00,33
user_0,2022-06-21T17:30:00-05:00,8
user_0,2022-06-21T20:00:00-05:00,1
user_1,2022-06-21T08:30:00-05:00,0
user_1,2022-06-21T12:00:00-05:00,94
user_1,2022-06-21T15:00:00-05:00,56
user_1,2022-06-21T17:30:00-05:00,1
user_1,2022-06-21T20:00:00-05:00,55
user_2,2022-06-21T08:30:00-05:00,7
user_2,2022-06-21T12:00:00-05:00,13
user_2,2022-06-21T15:00:00-05:00,34
user_2,2022-06-21T17:30:00-05:00,26
user_2,2022-06-21T20:00:00-05:00,7
user_3,2022-06-21T08:30:00-05:00,16
user_3,2022-06-21T12:00:00-05:00,30
user_3,2022-06-21T15:00:00-05:00,25
user_3,2022-06-21T17:30:00-05:00,0
user_3,2022-06-21T20:00:00-05:00,4
user_4,2022-06-21T08:30:00-05:00,0
user_4,2022-06-21T12:00:00-05:00,3
user_4,2022-06-21T15:00:00-05:00,10
user_4,2022-06-21T17:30:00-05:00,1
user_4,2022-06-21T20:00:00-05:00,0
user_5,2022-06-21T08:30:00-05:00,387
user_5,2022-06-21T12:00:00-05:00,724
user_5,2022-06-21T15:00:00-05:00,724
user_5,2022-06-21T17:30:00-05:00,535
user_5,2022-06-21T20:00:00-05:00,1
user_6,2022-06-21T08:30:00-05:00,30
user_6,2022-06-21T12:00:00-05:00,22
user_6,2022-06-21T15:00:00-05:00,0
user_6,2022-06-21T17:30:00-05:00,206
user_6,2022-06-21T20:00:00-05:00,27
user_7,2022-06-21T08:30:00-05:00,507
user_7,2022-06-21T12:00:00-05:00,6
user_7,2022-06-21T15:00:00-05:00,1
user_7,2022-06-21T17:30:00-05:00,0
user_7,2022-06-21T20:00:00-05:00,2
user_8,2022-06-21T08:30:00-05:00,27
user_8,2022-06-21T12:00:00-05:00,8
user_8,2022-06-21T15:00:00-05:00,5
user_8,2022-06-21T17:30:00-05:00,30
user_8,2022-06-21T20:00:00-05:00,75
user_9,2022-06-21T08:30:00-05:00,288
user_9,2022-06-21T12:00:00-05:00,11
user_9,2022-06-21T15:00:00-05:00,0
user_9,2022-06-21T17:30:00-05:00,0
user_9,2022-06-21T20:00:00-05:00,0
user_0,2022-06-22T08:30:00-05:00,0
user_0,2022-06-22T12:00:00-05:00,563
user_0,2022-06-22T15:00:00-05:00,76
user_0,2022-06-22T17:30:00-05:00,789
user_0,2022-06-22T20:00:00-05:00,7
user_1,2022-06-22T08:30:00-05:00,0
user_1,2022-06-22T12:00:00-05:00,16
user_1,2022-06-22T15:00:00-05:00,2
user_1,2022-06-22T17:30:00-05:00,1
user_1,2022-06-22T20:00:00-05:00,43
user_2,2022-06-22T08:30:00-05:00,12
user_2,2022-06-22T12:00:00-05:00,10
user_2,2022-06-22T15:00:00-05:00,25
user_2,2022-06-22T17:30:00-05:00,4
user_2,2022-06-22T20:00:00-05:00,3
user_3,2022-06-22T08:30:00-05:00,135
user_3,2022-06-22T12:00:00-05:00,0
user_3,2022-06-22T15:00:00-05:00,58
user_3,2022-06-22T17:30:00-05:00,88
user_3,2022-06-22T20:00:00-05:00,574
user_4,2022-06-22T08:30:00-05:00,91
user_4,2022-06-22T12:00:00-05:00,63
user_4,2022-06-22T15:00:00-05:00,1
user_4,2022-06-22T17:30:00-05:00,0
user_4,2022-06-22T20:00:00-05:00,23
user_5,2022-06-22T08:30:00-05:00,230
user_5,2022-06-22T12:00:00-05:00,44
user_5,2022-06-22T15:00:00-05:00,199
user_5,2022-06-22T17:30:00-05:00,26
user_5,2022-06-22T20:00:00-05:00,579
user_6,2022-06-22T08:30:00-05:00,1
user_6,2022-06-22T12:00:00-05:00,861
user_6,2022-06-22T15:00:00-05:00,7
user_6,2022-06-22T17:30:00-05:00,0
user_6,2022-06-22T20:00:00-05:00,55
user_7,2022-06-22T08:30:00-05:00,0
user_7,2022-06-22T12:00:00-05:00,14
user_7,2022-06-22T15:00:00-05:00,87
user_7,2022-06-22T17:30:00-05:00,0
user_7,2022-06-22T20:00:00-05:00,872
user_8,2022-06-22T08:30:00-05:00,4
user_8,2022-06-22T12:00:00-05:00,173
user_8,2022-06-22T15:00:00-05:00,14
user_8,2022-06-22T17:30:00-05:00,12
user_8,2022-06-22T20:00:00-05:00,21
user_9,2022-06-22T08:30:00-05:00,168
user_9,2022-06-22T12:00:00-05:00,587
user_9,2022-06-22T15:00:00-05:00,677
user_9,2022-06-22T17:30:00-05:00,10
user_9,2022-06-22T20:00:00-05:00,441
user_0,2022-06-23T08:30:00-05:00,92
user_0,2022-06-23T12:00:00-05:00,32
user_0,2022-06-23T15:00:00-05:00,9
user_0,2022-06-23T17:30:00-05:00,134
user_0,2022-06-23T20:00:00-05:00,85
user_1,2022-06-23T08:30:00-05:00,12
user_1,2022-06-23T12:00:00-05:00,1
user_1,2022-06-23T15:00:00-05:00,14
user_1,2022-06-23T17:30:00-05:00,28
user_1,2022-06-23T20:00:00-05:00,15
user_2,2022-06-23T08:30:00-05:00,53
user_2,2022-06-23T12:00:00-05:00,2
user_2,2022-06-23T15:00:00-05:00,0
user_2,2022-06-23T17:30:00-05:00,91
user_2,2022-06-23T20:00:00-05:00,358
user_3,2022-06-23T08:30:00-05:00,344
user_3,2022-06-23T12:00:00-05:00,1
user_3,2022-06-23T15:00:00-05:00,89
user_3,2022-06-23T17:30:00-05:00,13
user_3,2022-06-23T20:00:00-05:00,0
user_4,2022-06-23T08:30:00-05:00,0
user_4,2022-06-23T12:00:00-05:00,1
user_4,2022-06-23T15:00:00-05:00,98
user_4,2022-06-23T17:30:00-05:00,7
user_4,2022-06-23T20:00:00-05:00,0
user_5,2022-06-23T08:30:00-05:00,411
user_5,2022-06-23T12:00:00-05:00,33
user_5,2022-06-23T15:00:00-05:00,4
user_5,2022-06-23T17:30:00-05:00,0
user_5,2022-06-23T20:00:00-05:00,4
user_6,2022-06-23T08:30:00-05:00,13
user_6,2022-06-23T12:00:00-05:00,2
user_6,2022-06-23T15:00:00-05:00,2
user_6,2022-06-23T17:30:00-05:00,14
user_6,2022-06-23T20:00:00-05:00,276
user_7,2022-06-23T08:30:00-05:00,29
user_7,2022-06-23T12:00:00-05:00,568
user_7,2022-06-23T15:00:00-05:00,138
user_7,2022-06-23T17:30:00-05:00,33
user_7,2022-06-23T20:00:00-05:00,2
user_8,2022-06-23T08:30:00-05:00,21
user_8,2022-06-23T12:00:00-05:00,4
user_8,2022-06-23T15:00:00-05:00,301
user_8,2022-06-23T17:30:00-05:00,420
user_8,2022-06-23T20:00:00-05:00,0
user_9,2022-06-23T08:30:00-05:00,387
user_9,2022-06-23T12:00:00-05:00,0
user_9,2022-06-23T15:00:00-05:00,5
user_9,2022-06-23T17:30:00-05:00,6
user_9,2022-06-23T20:00:00-05:00,2
user_0,2022-06-24T08:30:00-05:00,4
user_0,2022-06-24T12:00:00-05:00,32
user_0,2022-06-24T15:00:00-05:00,1
user_0,2022-06-24T17:30:00-05:00,0
user_0,2022-06-24T20:00:00-05:00,44
user_1,2022-06-24T08:30:00-05:00,122
user_1,2022-06-24T12:00:00-05:00,414
user_1,2022-06-24T15:00:00-05:00,209
user_1,2022-06-24T17:30:00-05:00,170
user_1,2022-06-24T20:00:00-05:00,1
user_2,2022-06-24T08:30:00-05:00,18
user_2,2022-06-24T12:00:00-05:00,838
user_2,2022-06-24T15:00:00-05:00,6
user_2,2022-06-24T17:30:00-05:00,38
user_2,2022-06-24T20:00:00-05:00,433
user_3,2022-06-24T08:30:00-05:00,0
user_3,2022-06-24T12:00:00-05:00,292
user_3,2022-06-24T15:00:00-05:00,4
user_3,2022-06-24T17:30:00-05:00,429
user_3,2022-06-24T20:00:00-05:00,11
user_4,2022-06-24T08:30:00-05:00,71
user_4,2022-06-24T12:00:00-05:00,0
user_4,2022-06-24T15:00:00-05:00,13
user_4,2022-06-24T17:30:00-05:00,1
user_4,2022-06-24T20:00:00-05:00,19
user_5,2022-06-24T08:30:00-05:00,419
user_5,2022-06-24T12:00:00-05:00,49
user_5,2022-06-24T15:00:00-05:00,17
user_5,2022-06-24T17:30:00-05:00,32
user_5,2022-06-24T20:00:00-05:00,15
user_6,2022-06-24T08:30:00-05:00,79
user_6,2022-06-24T12:00:00-05:00,31
user_6,2022-06-24T15:00:00-05:00,1
user_6,2022-06-24T17:30:00-05:00,47
user_6,2022-06-24T20:00:00-05:00,204
user_7,2022-06-24T08:30:00-05:00,17
user_7,2022-06-24T12:00:00-05:00,361
user_7,2022-06-24T15:00:00-05:00,29
user_7,2022-06-24T17:30:00-05:00,273
user_7,2022-06-24T20:00:00-05:00,490
user_8,2022-06-24T08:30:00-05:00,4
user_8,2022-06-24T12:00:00-05:00,16
user_8,2022-06-24T15:00:00-05:00,2
user_8,2022-06-24T17:30:00-05:00,3
user_8,2022-06-24T20:00:00-05:00,0
user_9,2022-06-24T08:30:00-05:00,37
user_9,2022-06-24T12:00:00-05:00,10
user_9,2022-06-24T15:00:00-05:00,874
user_9,2022-06-24T17:30:00-05:00,16
user_9,2022-06-24T20:00:00-05:00,1
user_0,2022-06-25T08:30:00-05:00,4
user_0,2022-06-25T12:00:00-05:00,718
user_0,2022-06-25T15:00:00-05:00,160
user_0,2022-06-25T17:30:00-05:00,40
user_0,2022-06-25T20:00:00-05:00,326
user_1,2022-06-25T08:30:00-05:00,28
user_1,2022-06-25T12:00:00-05:00,21
user_1,2022-06-25T15:00:00-05:00,631
user_1,2022-06-25T17:30:00-05:00,0
user_1,2022-06-25T20:00:00-05:00,9
user_2,2022-06-25T08:30:00-05:00,1
user_2,2022-06-25T12:00:00-05:00,400
user_2,2022-06-25T15:00:00-05:00,42
user_2,2022-06-25T17:30:00-05:00,794
user_2,2022-06-25T20:00:00-05:00,25
user_3,2022-06-25T08:30:00-05:00,117
user_3,2022-06-25T12:00:00-05:00,118
user_3,2022-06-25T15:00:00-05:00,34
user_3,2022-06-25T17:30:00-05:00,1
user_3,2022-06-25T20:00:00-05:00,2
user_4,2022-06-25T08:30:00-05:00,42
user_4,2022-06-25T12:00:00-05:00,258
user_4,2022-06-25T15:00:00-05:00,17
user_4,2022-06-25T17:30:00-05:00,2
user_4,2022-06-25T20:00:00-05:00,5
user_5,2022-06-25T08:30:00-05:00,31
user_5,2022-06-25T12:00:00-05:00,422
user_5,2022-06-25T15:00:00-05:00,2
user_5,2022-06-25T17:30:00-05:00,12
user_5,2022-06-25T20:00:00-05:00,8
user_6,2022-06-25T08:30:00-05:00,207
user_6,2022-06-25T12:00:00-05:00,16
user_6,2022-06-25T15:00:00-05:00,0
user_6,2022-06-25T17:30:00-05:00,8
user_6,2022-06-25T20:00:00-05:00,2
user_7,2022-06-25T08:30:00-05:00,52
user_7,2022-06-25T12:00:00-05:00,2
user_7,2022-06-25T15:00:00-05:00,1
user_7,2022-06-25T17:30:00-05:00,5
user_7,2022-06-25T20:00:00-05:00,862
user_8,2022-06-25T08:30:00-05:00,1
user_8,2022-06-25T12:00:00-05:00,437
user_8,2022-06-25T15:00:00-05:00,19
user_8,2022-06-25T17:30:00-05:00,5
user_8,2022-06-25T20:00:00-05:00,0
user_9,2022-06-25T08:30:00-05:00,52
user_9,2022-06-25T12:00:00-05:00,1
user_9,2022-06-25T15:00:00-05:00,24
user_9,2022-06-25T17:30:00-05:00,976
user_9,2022-06-25T20:00:00-05:00,198
user_0,2022-06-26T08:30:00-05:00,26
user_0,2022-06-26T12:00:00-05:00,834
user_0,2022-06-26T15:00:00-05:00,0
user_0,2022-06-26T17:30:00-05:00,0
user_0,2022-06-26T20:00:00-05:00,431
user_1,2022-06-26T08:30:00-05:00,1
user_1,2022-06-26T12:00:00-05:00,534
user_1,2022-06-26T15:00:00-05:00,0
user_1,2022-06-26T17:30:00-05:00,4
user_1,2022-06-26T20:00:00-05:00,5
user_2,2022-06-26T08:30:00-05:00,781
user_2,2022-06-26T12:00:00-05:00,3
user_2,2022-06-26T15:00:00-05:00,5
user_2,2022-06-26T17:30:00-05:00,6
user_2,2022-06-26T20:00:00-05:00,0
user_3,2022-06-26T08:30:00-05:00,7
user_3,2022-06-26T12:00:00-05:00,167
user_3,2022-06-26T15:00:00-05:00,67
user_3,2022-06-26T17:30:00-05:00,587
user_3,2022-06-26T20:00:00-05:00,150
user_4,2022-06-26T08:30:00-05:00,415
user_4,2022-06-26T12:00:00-05:00,463
user_4,2022-06-26T15:00:00-05:00,207
user_4,2022-06-26T17:30:00-05:00,29
user_4,2022-06-26T20:00:00-05:00,131
user_5,2022-06-26T08:30:00-05:00,257
user_5,2022-06-26T12:00:00-05:00,1
user_5,2022-06-26T15:00:00-05:00,704
user_5,2022-06-26T17:30:00-05:00,0
user_5,2022-06-26T20:00:00-05:00,126
user_6,2022-06-26T08:30:00-05:00,168
user_6,2022-06-26T12:00:00-05:00,0
user_6,2022-06-26T15:00:00-05:00,9
user_6,2022-06-26T17:30:00-05:00,1
user_6,2022-06-26T20:00:00-05:00,1
user_7,2022-06-26T08:30:00-05:00,1
user_7,2022-06-26T12:00:00-05:00,303
user_7,2022-06-26T15:00:00-05:00,56
user_7,2022-06-26T17:30:00-05:00,136
user_7,2022-06-26T20:00:00-05:00,51
user_8,2022-06-26T08:30:00-05:00,875
user_8,2022-06-26T12:00:00-05:00,39
user_8,2022-06-26T15:00:00-05:00,9
user_8,2022-06-26T17:30:00-05:00,865
user_8,2022-06-26T20:00:00-05:00,196
user_9,2022-06-26T08:30:00-05:00,11
user_9,2022-06-26T12:00:00-05:00,0
user_9,2022-06-26T15:00:00-05:00,9
user_9,2022-06-26T17:30:00-05:00,5
user_9,2022-06-26T20:00:00-05:00,19
user_0,2022-06-27T08:30:00-05:00,37
user_0,2022-06-27T12:00:00-05:00,3
user_0,2022-06-27T15:00:00-05:00,2
user_0,2022-06-27T17:30:00-05:00,117
user_0,2022-06-27T20:00:00-05:00,10
user_1,2022-06-27T08:30:00-05:00,3
user_1,2022-06-27T12:00:00-05:00,31
user_1,2022-06-27T15:00:00-05:00,54
user_1,2022-06-27T17:30:00-05:00,17
user_1,2022-06-27T20:00:00-05:00,3
user_2,2022-06-27T08:30:00-05:00,343
user_2,2022-06-27T12:00:00-05:00,243
user_2,2022-06-27T15:00:00-05:00,187
user_2,2022-06-27T17:30:00-05:00,21
user_2,2022-06-27T20:00:00-05:00,45
user_3,2022-06-27T08:30:00-05:00,258
user_3,2022-06-27T12:00:00-05:00,31
user_3,2022-06-27T15:00:00-05:00,27
user_3,2022-06-27T17:30:00-05:00,169
user_3,2022-06-27T20:00:00-05:00,67
user_4,2022-06-27T08:30:00-05:00,467
user_4,2022-06-27T12:00:00-05:00,0
user_4,2022-06-27T15:00:00-05:00,383
user_4,2022-06-27T17:30:00-05:00,55
user_4,2022-06-27T20:00:00-05:00,1
user_5,2022-06-27T08:30:00-05:00,2
user_5,2022-06-27T12:00:00-05:00,39
user_5,2022-06-27T15:00:00-05:00,1
user_5,2022-06-27T17:30:00-05:00,0
user_5,2022-06-27T20:00:00-05:00,100
user_6,2022-06-27T08:30:00-05:00,0
user_6,2022-06-27T12:00:00-05:00,297
user_6,2022-06-27T15:00:00-05:00,52
user_6,2022-06-27T17:30:00-05:00,218
user_6,2022-06-27T20:00:00-05:00,37
user_7,2022-06-27T08:30:00-05:00,547
user_7,2022-06-27T12:00:00-05:00,0
user_7,2022-06-27T15:00:00-05:00,2
user_7,2022-06-27T17:30:00-05:00,509
user_7,2022-06-27T20:00:00-05:00,46
user_8,2022-06-27T08:30:00-05:00,60
user_8,2022-06-27T12:00:00-05:00,8
user_8,2022-06-27T15:00:00-05:00,98
user_8,2022-06-27T17:30:00-05:00,356
user_8,2022-06-27T20:00:00-05:00,0
user_9,2022-06-27T08:30:00-05:00,596
user_9,2022-06-27T12:00:00-05:00,9
user_9,2022-06-27T15:00:00-05:00,2
user_9,2022-06-27T17:30:00-05:00,705
user_9,2022-06-27T20:00:00-05:00,6
user_0,2022-06-28T08:30:00-05:00,11
user_0,2022-06-28T12:00:00-05:00,388
user_0,2022-06-28T15:00:00-05:00,741
user_0,2022-06-28T17:30:00-05:00,961
user_0,2022-06-28T20:00:00-05:00,1
user_1,2022-06-28T08:30:00-05:00,142
user_1,2022-06-28T12:00:00-05:00,238
user_1,2022-06-28T15:00:00-05:00,0
user_1,2022-06-28T17:30:00-05:00,418
user_1,2022-06-28T20:00:00-05:00,679
user_2,2022-06-28T08:30:00-05:00,34
user_2,2022-06-28T12:00:00-05:00,46
user_2,2022-06-28T15:00:00-05:00,4
user_2,2022-06-28T17:30:00-05:00,8
user_2,2022-06-28T20:00:00-05:00,4
user_3,2022-06-28T08:30:00-05:00,72
user_3,2022-06-28T12:00:00-05:00,23
user_3,2022-06-28T15:00:00-05:00,815
user_3,2022-06-28T17:30:00-05:00,12
user_3,2022-06-28T20:00:00-05:00,928
user_4,2022-06-28T08:30:00-05:00,12
user_4,2022-06-28T12:00:00-05:00,0
user_4,2022-06-28T15:00:00-05:00,848
user_4,2022-06-28T17:30:00-05:00,3
user_4,2022-06-28T20:00:00-05:00,5
user_5,2022-06-28T08:30:00-05:00,12
user_5,2022-06-28T12:00:00-05:00,805
user_5,2022-06-28T15:00:00-05:00,212
user_5,2022-06-28T17:30:00-05:00,74
user_5,2022-06-28T20:00:00-05:00,0
user_6,2022-06-28T08:30:00-05:00,0
user_6,2022-06-28T12:00:00-05:00,6
user_6,2022-06-28T15:00:00-05:00,255
user_6,2022-06-28T17:30:00-05:00,0
user_6,2022-06-28T20:00:00-05:00,869
user_7,2022-06-28T08:30:00-05:00,43
user_7,2022-06-28T12:00:00-05:00,2
user_7,2022-06-28T15:00:00-05:00,2
user_7,2022-06-28T17:30:00-05:00,2
user_7,2022-06-28T20:00:00-05:00,0
user_8,2022-06-28T08:30:00-05:00,456
user_8,2022-06-28T12:00:00-05:00,0
user_8,2022-06-28T15:00:00-05:00,174
user_8,2022-06-28T17:30:00-05:00,101
user_8,2022-06-28T20:00:00-05:00,52
user_9,2022-06-28T08:30:00-05:00,3
user_9,2022-06-28T12:00:00-05:00,282
user_9,2022-06-28T15:00:00-05:00,154
user_9,2022-06-28T17:30:00-05:00,36
user_9,2022-06-28T20:00:00-05:00,177
user_0,2022-06-29T08:30:00-05:00,13
user_0,2022-06-29T12:00:00-05:00,21
user_0,2022-06-29T15:00:00-05:00,605
user_0,2022-06-29T17:30:00-05:00,194
user_0,2022-06-29T20:00:00-05:00,9
user_1,2022-06-29T08:30:00-05:00,115
user_1,2022-06-29T12:00:00-05:00,1
user_1,2022-06-29T15:00:00-05:00,533
user_1,2022-06-29T17:30:00-05:00,70
user_1,2022-06-29T20:00:00-05:00,2
user_2,2022-06-29T08:30:00-05:00,33
user_2,2022-06-29T12:00:00-05:00,593
user_2,2022-06-29T15:00:00-05:00,78
user_2,2022-06-29T17:30:00-05:00,12
user_2,2022-06-29T20:00:00-05:00,0
user_3,2022-06-29T08:30:00-05:00,5
user_3,2022-06-29T12:00:00-05:00,164
user_3,2022-06-29T15:00:00-05:00,1
user_3,2022-06-29T17:30:00-05:00,13
user_3,2022-06-29T20:00:00-05:00,81
user_4,2022-06-29T08:30:00-05:00,9
user_4,2022-06-29T12:00:00-05:00,5
user_4,2022-06-29T15:00:00-05:00,513
user_4,2022-06-29T17:30:00-05:00,1
user_4,2022-06-29T20:00:00-05:00,638
user_5,2022-06-29T08:30:00-05:00,43
user_5,2022-06-29T12:00:00-05:00,99
user_5,2022-06-29T15:00:00-05:00,12
user_5,2022-06-29T17:30:00-05:00,8
user_5,2022-06-29T20:00:00-05:00,2
user_6,2022-06-29T08:30:00-05:00,803
user_6,2022-06-29T12:00:00-05:00,1
user_6,2022-06-29T15:00:00-05:00,0
user_6,2022-06-29T17:30:00-05:00,2
user_6,2022-06-29T20:00:00-05:00,4
user_7,2022-06-29T08:30:00-05:00,335
user_7,2022-06-29T12:00:00-05:00,379
user_7,2022-06-29T15:00:00-05:00,438
user_7,2022-06-29T17:30:00-05:00,3
user_7,2022-06-29T20:00:00-05:00,0
user_8,2022-06-29T08:30:00-05:00,7
user_8,2022-06-29T12:00:00-05:00,321
user_8,2022-06-29T15:00:00-05:00,7
user_8,2022-06-29T17:30:00-05:00,1
user_8,2022-06-29T20:00:00-05:00,1
user_9,2022-06-29T08:30:00-05:00,2
user_9,2022-06-29T12:00:00-05:00,4
user_9,2022-06-29T15:00:00-05:00,1
user_9,2022-06-29T17:30:00-05:00,233
user_9,2022-06-29T20:00:00-05:00,95
user_0,2022-06-30T08:30:00-05:00,1
user_0,2022-06-30T12:00:00-05:00,77
user_0,2022-06-30T15:00:00-05:00,1
user_0,2022-06-30T17:30:00-05:00,1
user_0,2022-06-30T20:00:00-05:00,839
user_1,2022-06-30T08:30:00-05:00,0
user_1,2022-06-30T12:00:00-05:00,295
user_1,2022-06-30T15:00:00-05:00,157
user_1,2022-06-30T17:30:00-05:00,99
user_1,2022-06-30T20:00:00-05:00,8
user_2,2022-06-30T08:30:00-05:00,482
user_2,2022-06-30T12:00:00-05:00,42
user_2,2022-06-30T15:00:00-05:00,2
user_2,2022-06-30T17:30:00-05:00,0
user_2,2022-06-30T20:00:00-05:00,1
user_3,2022-06-30T08:30:00-05:00,1
user_3,2022-06-30T12:00:00-05:00,48
user_3,2022-06-30T15:00:00-05:00,1
user_3,2022-06-30T17:30:00-05:00,170
user_3,2022-06-30T20:00:00-05:00,1
user_4,2022-06-30T08:30:00-05:00,685
user_4,2022-06-30T12:00:00-05:00,1
user_4,2022-06-30T15:00:00-05:00,0
user_4,2022-06-30T17:30:00-05:00,38
user_4,2022-06-30T20:00:00-05:00,31
user_5,2022-06-30T08:30:00-05:00,402
user_5,2022-06-30T12:00:00-05:00,680
user_5,2022-06-30T15:00:00-05:00,1
user_5,2022-06-30T17:30:00-05:00,45
user_5,2022-06-30T20:00:00-05:00,4
user_6,2022-06-30T08:30:00-05:00,1
user_6,2022-06-30T12:00:00-05:00,190
user_6,2022-06-30T15:00:00-05:00,457
user_6,2022-06-30T17:30:00-05:00,6
user_6,2022-06-30T20:00:00-05:00,371
user_7,2022-06-30T08:30:00-05:00,586
user_7,2022-06-30T12:00:00-05:00,1
user_7,2022-06-30T15:00:00-05:00,292
user_7,2022-06-30T17:30:00-05:00,783
user_7,2022-06-30T20:00:00-05:00,131
user_8,2022-06-30T08:30:00-05:00,5
user_8,2022-06-30T12:00:00-05:00,991
user_8,2022-06-30T15:00:00-05:00,22
user_8,2022-06-30T17:30:00-05:00,2
user_8,2022-06-30T20:00:00-05:00,190
user_9,2022-06-30T08:30:00-05:00,13
user_9,2022-06-30T12:00:00-05:00,35
user_9,2022-06-30T15:00:00-05:00,1
user_9,2022-06-30T17:30:00-05:00,1
user_9,2022-06-30T20:00:00-05:00,192
